File,True,Prediction,Top1,Top1_DTWN,Top2,Top2_DTWN
khong_04.wav,khong,khong,khong,16.91561964952894,hai,21.579539666285772
khong_05.wav,khong,khong,khong,17.14270889913909,hai,22.738192366202014
mot_04.wav,mot,mot,mot,20.396220385788958,khong,20.909916193878097
mot_05.wav,mot,mot,mot,19.559265695929074,bon,22.134384945016603
hai_04.wav,hai,hai,hai,17.245871648782853,khong,21.780429866013762
hai_05.wav,hai,hai,hai,20.9190804896399,ba,23.739365945130306
ba_04.wav,ba,ba,ba,20.66046886873268,khong,21.746452807736045
ba_05.wav,ba,ba,ba,18.629799672571103,hai,20.576686251801494
bon_04.wav,bon,bon,bon,22.881905049598554,khong,24.18735185098935
bon_05.wav,bon,bon,bon,21.852110223684676,khong,23.39490103948816
